time_taken,i3d_actions
5,"{""applauding"":0.025763574987649918,""belly dancing"":0.02400095760822296,""celebrating"":0.16667239367961884,""giving or receiving award"":0.025852467864751816,""singing"":0.024222921580076218}"
7,"{""applauding"":0.03302399069070816,""belly dancing"":0.029098253697156906,""celebrating"":0.23655816912651062,""dancing macarena"":0.030258990824222565,""surfing crowd"":0.03903321921825409}"
6,"{""belly dancing"":0.03267322853207588,""celebrating"":0.2488793581724167,""cheerleading"":0.04975239932537079,""dancing macarena"":0.05063065141439438,""high kick"":0.030831867828965187}"
2,"{""belly dancing"":0.03313879296183586,""celebrating"":0.3353954553604126,""cheerleading"":0.05382385104894638,""marching"":0.03590547665953636,""robot dancing"":0.03712664172053337}"
8,"{""belly dancing"":0.06408117711544037,""celebrating"":0.15332569181919098,""cheerleading"":0.16259129345417023,""salsa dancing"":0.0454290471971035,""zumba"":0.07155497372150421}"
4,"{""celebrating"":0.028429608792066574,""feeding fish"":0.022161493077874184,""headbanging"":0.018749188631772995,""robot dancing"":0.018950525671243668,""scuba diving"":0.01923954300582409}"
3,"{""celebrating"":0.1736731231212616,""cheerleading"":0.05742059648036957,""high kick"":0.04383658990263939,""robot dancing"":0.06308310478925705,""zumba"":0.029557475820183754}"
1,{}
